{"cameraMode":{"drawMode":0,"name":"Shaded","section":"Shading Mode"},"sceneLighting":false,"audioPlay":false,"sceneViewState":{"showFog":true,"showMaterialUpdate":false,"showSkybox":false,"showFlares":true,"showImageEffects":true,"showParticleSystems":true},"in2DMode":false,"pivot":{"x":-80.75008392333985,"y":16.911483764648439,"z":-62.85504913330078},"rotation":{"x":-0.2893497347831726,"y":0.177363321185112,"z":-0.054466646164655688,"w":-0.9392576813697815},"size":3.674234628677368,"orthographic":false}