{"cameraMode":{"drawMode":0,"name":"Shaded","section":"Shading Mode"},"sceneLighting":false,"audioPlay":false,"sceneViewState":{"showFog":true,"showMaterialUpdate":false,"showSkybox":false,"showFlares":true,"showImageEffects":true,"showParticleSystems":true},"in2DMode":false,"pivot":{"x":-36.934452056884769,"y":4.669875144958496,"z":-9.449258804321289},"rotation":{"x":-0.3711448907852173,"y":-0.4391886293888092,"z":0.20586103200912476,"w":-0.7918406128883362},"size":5.810561656951904,"orthographic":false}