{"cameraMode":{"drawMode":0,"name":"Shaded","section":"Shading Mode"},"sceneLighting":false,"audioPlay":false,"sceneViewState":{"showFog":true,"showMaterialUpdate":false,"showSkybox":false,"showFlares":true,"showImageEffects":true,"showParticleSystems":true},"in2DMode":false,"pivot":{"x":-1.2802332639694214,"y":-19.52078628540039,"z":19.059904098510743},"rotation":{"x":-0.36283183097839358,"y":-0.2974705398082733,"z":0.12343436479568482,"w":-0.8744490146636963},"size":18.429218292236329,"orthographic":false}