{"cameraMode":{"drawMode":0,"name":"Shaded","section":"Shading Mode"},"sceneLighting":true,"audioPlay":false,"sceneViewState":{"showFog":true,"showMaterialUpdate":false,"showSkybox":true,"showFlares":true,"showImageEffects":true,"showParticleSystems":true},"in2DMode":false,"pivot":{"x":-84.43191528320313,"y":30.606855392456056,"z":-43.2933349609375},"rotation":{"x":-0.15304292738437653,"y":0.27814918756484988,"z":-0.04482913389801979,"w":-0.9472622275352478},"size":4.166025161743164,"orthographic":false}